{
  "version": 1,
  "author": "Khoa Le",
  "editor": "wokwi",
  "parts": [
    { "type": "wokwi-arduino-mega", "id": "mega", "top": -32.16, "left": -61.16, "attrs": {} },
    { "type": "wokwi-potentiometer", "id": "pot1", "top": 204.12, "left": 82.48, "attrs": {} },
    {
      "type": "wokwi-buzzer",
      "id": "bz1",
      "top": -198.95,
      "left": 30.19,
      "attrs": { "volume": "0.1" }
    }
  ],
  "connections": [
    [ "pot1:GND", "mega:GND.2", "black", [ "v0" ] ],
    [ "pot1:VCC", "mega:VIN", "red", [ "v0" ] ],
    [ "pot1:SIG", "mega:A0", "violet", [ "v27.23", "h97.38" ] ],
    [ "mega:GND.1", "bz1:1", "black", [ "v0" ] ],
    [ "bz1:2", "mega:13", "orange", [ "v0" ] ]
  ],
  "dependencies": {}
}