{
  "version": 1,
  "author": "Khoa Le",
  "editor": "wokwi",
  "parts": [
    { "type": "wokwi-arduino-mega", "id": "mega", "top": 76.98, "left": -3.52, "attrs": {} },
    {
      "type": "wokwi-resistor",
      "id": "r1",
      "top": -125.15,
      "left": 44.16,
      "attrs": { "value": "1000" }
    },
    {
      "type": "wokwi-resistor",
      "id": "r2",
      "top": -125.21,
      "left": 118.63,
      "attrs": { "value": "1000" }
    },
    {
      "type": "wokwi-resistor",
      "id": "r3",
      "top": -125.35,
      "left": 192.74,
      "attrs": { "value": "1000" }
    },
    {
      "type": "wokwi-led",
      "id": "led1",
      "top": -179.77,
      "left": 87.16,
      "attrs": { "color": "red" }
    },
    {
      "type": "wokwi-led",
      "id": "led2",
      "top": -179.33,
      "left": 161.69,
      "attrs": { "color": "yellow" }
    },
    {
      "type": "wokwi-led",
      "id": "led3",
      "top": -179.33,
      "left": 236.08,
      "attrs": { "color": "blue" }
    },
    {
      "type": "wokwi-pushbutton",
      "id": "btn1",
      "top": -99.78,
      "left": 212.21,
      "attrs": { "color": "blue" }
    },
    {
      "type": "wokwi-pushbutton",
      "id": "btn2",
      "top": -56.47,
      "left": 211.68,
      "attrs": { "color": "yellow" }
    },
    {
      "type": "wokwi-pushbutton",
      "id": "btn3",
      "top": -11.84,
      "left": 211.67,
      "attrs": { "color": "yellow" }
    },
    {
      "type": "wokwi-pushbutton",
      "id": "btn4",
      "top": 32.55,
      "left": 211.52,
      "attrs": { "color": "red" }
    },
    {
      "type": "wokwi-buzzer",
      "id": "bz1",
      "top": -102.17,
      "left": 48.41,
      "attrs": { "volume": "0.1" }
    }
  ],
  "connections": [
    [ "mega:GND.1", "r2:1", "black", [ "v-91.8", "h5" ] ],
    [ "mega:GND.1", "r3:1", "black", [ "v-90.7", "h0.58" ] ],
    [ "mega:GND.1", "r1:1", "black", [ "v-90.26", "h0.48" ] ],
    [ "r1:2", "led1:C", "green", [ "v0" ] ],
    [ "r2:2", "led2:C", "green", [ "v0" ] ],
    [ "r3:2", "led3:C", "green", [ "v0" ] ],
    [ "led1:A", "mega:13", "green", [ "v-0.66", "h12.64" ] ],
    [ "led2:A", "mega:12", "green", [ "v0.81", "h-41.79" ] ],
    [ "led3:A", "mega:11", "green", [ "v1.77", "h-106.61" ] ],
    [ "mega:GND.1", "btn1:2.l", "black", [ "v0" ] ],
    [ "btn1:1.r", "mega:21", "green", [ "v-0.28", "h55.77" ] ],
    [ "btn2:1.r", "mega:20", "green", [ "v0.12", "h50.85" ] ],
    [ "btn3:1.r", "mega:19", "green", [ "v0.12", "h39.11" ] ],
    [ "mega:GND.1", "btn2:2.l", "black", [ "v0" ] ],
    [ "mega:GND.1", "btn3:2.l", "black", [ "v0" ] ],
    [ "btn4:1.r", "mega:18", "green", [ "v-0.33", "h28.03" ] ],
    [ "mega:GND.1", "btn4:2.l", "black", [ "v0" ] ],
    [ "bz1:2", "mega:7", "green", [ "v0.69", "h89.74" ] ],
    [ "mega:GND.1", "bz1:1", "black", [ "v-68.7", "h-39.07" ] ]
  ],
  "dependencies": {}
}