{
  "version": 1,
  "author": "Khoa Le",
  "editor": "wokwi",
  "parts": [
    { "type": "wokwi-arduino-mega", "id": "mega", "top": 34.72, "left": -61.59, "attrs": {} },
    { "type": "board-ssd1306", "id": "oled1", "top": 277.13, "left": 73.22, "attrs": {} }
  ],
  "connections": [
    [ "mega:GND.2", "mic:1", "black", [ "v0" ] ],
    [ "mic:2", "mega:A0", "magenta", [ "v8.34", "h-80.13" ] ],
    [ "oled1:GND", "mega:GND.2", "black", [ "v0" ] ],
    [ "oled1:VCC", "mega:5V", "red", [ "v0" ] ],
    [ "oled1:SCL", "mega:SCL", "violet", [ "v0" ] ],
    [ "mega:SDA", "oled1:SDA", "purple", [ "h101.63", "v239.87" ] ]
  ],
  "dependencies": {}
}