{
  "version": 1,
  "author": "Khoa Le",
  "editor": "wokwi",
  "parts": [
    { "type": "wokwi-arduino-mega", "id": "mega", "top": 34.72, "left": -61.59, "attrs": {} },
    { "type": "board-ssd1306", "id": "oled1", "top": 300.46, "left": 74, "attrs": {} },
    {
      "type": "wokwi-pushbutton",
      "id": "btn1",
      "top": 381.76,
      "left": 93.64,
      "attrs": { "color": "black" }
    }
  ],
  "connections": [
    [ "oled1:GND", "mega:GND.2", "black", [ "v0" ] ],
    [ "oled1:VCC", "mega:5V", "red", [ "v0" ] ],
    [ "oled1:SCL", "mega:SCL", "orange", [ "v0" ] ],
    [ "oled1:SDA", "mega:SDA", "gold", [ "v0" ] ],
    [ "btn1:2.r", "mega:2", "violet", [ "h27.66", "v-370.04" ] ],
    [ "mega:GND.1", "btn1:1.l", "black", [ "v0" ] ]
  ],
  "dependencies": {}
}