{
  "version": 1,
  "author": "Khoa Le",
  "editor": "wokwi",
  "parts": [
    { "type": "wokwi-arduino-mega", "id": "mega", "top": -26, "left": -125.99, "attrs": {} },
    { "type": "wokwi-ds1307", "id": "rtc1", "top": 202.61, "left": 148.44, "attrs": {} },
    {
      "type": "wokwi-lcd1602",
      "id": "lcd1",
      "top": -183.7,
      "left": 47.07,
      "attrs": { "pins": "i2c" }
    }
  ],
  "connections": [
    [ "rtc1:GND", "mega:GND.3", "black", [ "h0" ] ],
    [ "rtc1:5V", "mega:5V", "red", [ "h0" ] ],
    [ "rtc1:SDA", "mega:A4", "green", [ "h0" ] ],
    [ "rtc1:SCL", "mega:A5", "green", [ "h0" ] ],
    [ "lcd1:VCC", "mega:5V", "red", [ "h0" ] ],
    [ "lcd1:GND", "mega:GND.1", "black", [ "h0" ] ],
    [ "lcd1:SDA", "mega:A4.2", "green", [ "h0" ] ],
    [ "lcd1:SCL", "mega:A5.2", "green", [ "h0" ] ],
    [ "mega:SDA", "lcd1:SDA", "green", [ "v0" ] ],
    [ "lcd1:SCL", "mega:SCL", "green", [ "h0" ] ]
  ],
  "dependencies": {}
}