{
  "version": 1,
  "author": "Khoa Le",
  "editor": "wokwi",
  "parts": [
    { "type": "wokwi-arduino-mega", "id": "mega", "top": -26, "left": -125.99, "attrs": {} },
    { "type": "board-ssd1306", "id": "oled1", "top": 259.58, "left": 0.47, "attrs": {} },
    {
      "type": "wokwi-pushbutton",
      "id": "btn2",
      "top": -92.21,
      "left": 9.14,
      "attrs": { "color": "pink" }
    }
  ],
  "connections": [
    [ "mega:GND.2", "oled1:GND", "black", [ "v0" ] ],
    [ "mega:5V", "oled1:VCC", "red", [ "v0" ] ],
    [ "mega:SCL", "oled1:SCL", "orange", [ "v0" ] ],
    [ "oled1:SDA", "mega:SDA", "gold", [ "h-92.62", "v-283.04" ] ],
    [ "btn2:1.l", "mega:GND.2", "black", [ "h-16.45", "v277.54" ] ],
    [ "btn2:2.r", "mega:2", "pink", [ "h0" ] ]
  ],
  "dependencies": {}
}