{
  "version": 1,
  "author": "Khoa Le",
  "editor": "wokwi",
  "parts": [
    { "type": "wokwi-arduino-mega", "id": "mega", "top": 0, "left": 0, "attrs": {} },
    { "type": "wokwi-mpu6050", "id": "imu1", "top": 250.25, "left": 99.88, "attrs": {} },
    { "type": "board-ssd1306", "id": "oled1", "top": 231.46, "left": 189.19, "attrs": {} }
  ],
  "connections": [
    [ "imu1:VCC", "mega:5V", "red", [ "v0" ] ],
    [ "imu1:GND", "mega:GND.2", "black", [ "v0" ] ],
    [ "imu1:SCL", "mega:SCL", "orange", [ "v0" ] ],
    [ "imu1:SDA", "mega:SDA", "gold", [ "v0" ] ],
    [ "oled1:GND", "mega:GND.2", "black", [ "v0" ] ],
    [ "oled1:VCC", "mega:5V", "red", [ "v0" ] ],
    [ "oled1:SCL", "mega:SCL", "violet", [ "v0" ] ],
    [ "oled1:SDA", "mega:SDA", "purple", [ "v0" ] ]
  ],
  "dependencies": {}
}