{
  "version": 1,
  "author": "Khoa Le",
  "editor": "wokwi",
  "parts": [
    { "type": "wokwi-arduino-mega", "id": "mega", "top": -51.49, "left": -29.94, "attrs": {} },
    {
      "type": "wokwi-led",
      "id": "led1",
      "top": -201.63,
      "left": 150,
      "attrs": { "color": "blue" }
    },
    {
      "type": "wokwi-led",
      "id": "led2",
      "top": -201.63,
      "left": 250,
      "attrs": { "color": "red" }
    },
    {
      "type": "wokwi-led",
      "id": "led3",
      "top": -201.63,
      "left": 200,
      "attrs": { "color": "yellow" }
    },
    {
      "type": "wokwi-buzzer",
      "id": "bz1",
      "top": -208.82,
      "left": 61.54,
      "attrs": { "volume": "0.1" }
    }
  ],
  "connections": [
    [ "mega:GND.1", "bz1:1", "black", [ "v0" ] ],
    [ "mega:GND.1", "led1:C", "black", [ "v0" ] ],
    [ "mega:GND.1", "led3:C", "black", [ "v0" ] ],
    [ "mega:GND.1", "led2:C", "black", [ "v0" ] ],
    [ "bz1:2", "mega:13", "green", [ "v0" ] ],
    [ "led1:A", "mega:3", "green", [ "v18.46", "h28.87" ] ],
    [ "led3:A", "mega:2", "green", [ "v19.02", "h-18.32" ] ],
    [ "led2:A", "mega:1", "green", [ "v18.46", "h-41.32" ] ]
  ],
  "dependencies": {}
}