{
  "version": 1,
  "author": "Khoa Le",
  "editor": "wokwi",
  "parts": [
    { "type": "wokwi-arduino-mega", "id": "mega", "top": 34.72, "left": -61.59, "attrs": {} },
    { "type": "board-ssd1306", "id": "oled1", "top": 300.46, "left": 74, "attrs": {} },
    { "type": "wokwi-microphone", "id": "mic", "top": 234.27, "left": 224.74, "attrs": {} }
  ],
  "connections": [
    [ "oled1:GND", "mega:GND.2", "black", [ "v0" ] ],
    [ "oled1:VCC", "mega:5V", "red", [ "v0" ] ],
    [ "oled1:SCL", "mega:SCL", "orange", [ "v0" ] ],
    [ "oled1:SDA", "mega:SDA", "gold", [ "v0" ] ],
    [ "mega:GND.2", "mic:1", "black", [ "v0" ] ],
    [ "mic:2", "mega:A0", "magenta", [ "v8.34", "h-80.13" ] ]
  ],
  "dependencies": {}
}