{
  "version": 1,
  "author": "Khoa Le",
  "editor": "wokwi",
  "parts": [
    { "type": "wokwi-arduino-mega", "id": "mega", "top": -32.16, "left": -61.16, "attrs": {} },
    {
      "type": "wokwi-photoresistor-sensor",
      "id": "ldr1",
      "top": 167.65,
      "left": -111.97,
      "attrs": {}
    },
    {
      "type": "wokwi-led-bar-graph",
      "id": "bargraph1",
      "top": -19.55,
      "left": 334.92,
      "attrs": { "color": "BCYR" }
    }
  ],
  "connections": [
    [ "ldr1:VCC", "mega:5V", "red", [ "h0" ] ],
    [ "ldr1:GND", "mega:GND.2", "black", [ "h0" ] ],
    [ "ldr1:AO", "mega:A0", "violet", [ "h0" ] ],
    [ "bargraph1:A1", "mega:23", "gold", [ "h0" ] ],
    [ "mega:23", "bargraph1:A2", "orange", [ "v0" ] ],
    [ "mega:23", "bargraph1:A3", "#8f4814", [ "v0" ] ],
    [ "mega:23", "bargraph1:A4", "purple", [ "v0" ] ],
    [ "mega:23", "bargraph1:A5", "magenta", [ "v0" ] ],
    [ "mega:23", "bargraph1:A6", "violet", [ "v0" ] ],
    [ "mega:23", "bargraph1:A7", "cyan", [ "v0" ] ],
    [ "mega:23", "bargraph1:A8", "blue", [ "v0" ] ],
    [ "mega:23", "bargraph1:A9", "green", [ "v0" ] ],
    [ "mega:23", "bargraph1:A10", "limegreen", [ "v0" ] ],
    [ "bargraph1:C1", "bargraph1:C2", "green", [ "v0" ] ],
    [ "bargraph1:C2", "bargraph1:C3", "green", [ "h0" ] ],
    [ "bargraph1:C3", "bargraph1:C4", "green", [ "h0" ] ],
    [ "bargraph1:C4", "bargraph1:C5", "green", [ "h0" ] ],
    [ "bargraph1:C5", "bargraph1:C6", "green", [ "h0" ] ],
    [ "bargraph1:C6", "bargraph1:C7", "green", [ "h0" ] ],
    [ "bargraph1:C7", "bargraph1:C8", "green", [ "h0" ] ],
    [ "bargraph1:C8", "bargraph1:C9", "green", [ "h0" ] ],
    [ "bargraph1:C9", "bargraph1:C10", "green", [ "h0" ] ],
    [ "bargraph1:C10", "mega:GND.5", "black", [ "h-0.12", "v73.81" ] ]
  ],
  "dependencies": {}
}