{
  "version": 1,
  "author": "Khoa Le",
  "editor": "wokwi",
  "parts": [
    { "type": "wokwi-arduino-mega", "id": "mega", "top": 252.42, "left": -106.42, "attrs": {} },
    {
      "type": "wokwi-led",
      "id": "led1",
      "top": -210.27,
      "left": 11.05,
      "attrs": { "color": "white", "lightColor": "red" }
    },
    {
      "type": "wokwi-led",
      "id": "led2",
      "top": -210.27,
      "left": 40,
      "attrs": { "color": "white", "lightColor": "red" }
    },
    {
      "type": "wokwi-led",
      "id": "led3",
      "top": -210.27,
      "left": 70,
      "attrs": { "color": "white", "lightColor": "red" }
    },
    {
      "type": "wokwi-led",
      "id": "led4",
      "top": -210.27,
      "left": 100,
      "attrs": { "color": "white", "lightColor": "red" }
    },
    {
      "type": "wokwi-led",
      "id": "led5",
      "top": -210.27,
      "left": 130,
      "attrs": { "color": "white", "lightColor": "red" }
    },
    {
      "type": "wokwi-led",
      "id": "led6",
      "top": -210.27,
      "left": 160,
      "attrs": { "color": "white", "lightColor": "red" }
    },
    {
      "type": "wokwi-led",
      "id": "led7",
      "top": -210.27,
      "left": 190,
      "attrs": { "color": "white", "lightColor": "red" }
    },
    {
      "type": "wokwi-led",
      "id": "led8",
      "top": -210.27,
      "left": 220,
      "attrs": { "color": "white", "lightColor": "red" }
    },
    {
      "type": "wokwi-led",
      "id": "led9",
      "top": -170.27,
      "left": 10,
      "attrs": { "color": "white", "lightColor": "red" }
    },
    {
      "type": "wokwi-led",
      "id": "led10",
      "top": -170.27,
      "left": 40,
      "attrs": { "color": "white", "lightColor": "red" }
    },
    {
      "type": "wokwi-led",
      "id": "led11",
      "top": -170.27,
      "left": 70,
      "attrs": { "color": "white", "lightColor": "red" }
    },
    {
      "type": "wokwi-led",
      "id": "led12",
      "top": -170.27,
      "left": 100,
      "attrs": { "color": "white", "lightColor": "red" }
    },
    {
      "type": "wokwi-led",
      "id": "led13",
      "top": -170.27,
      "left": 130,
      "attrs": { "color": "white", "lightColor": "red" }
    },
    {
      "type": "wokwi-led",
      "id": "led14",
      "top": -170.27,
      "left": 160,
      "attrs": { "color": "white", "lightColor": "red" }
    },
    {
      "type": "wokwi-led",
      "id": "led15",
      "top": -170.27,
      "left": 190,
      "attrs": { "color": "white", "lightColor": "red" }
    },
    {
      "type": "wokwi-led",
      "id": "led16",
      "top": -170.27,
      "left": 220,
      "attrs": { "color": "white", "lightColor": "red" }
    },
    {
      "type": "wokwi-led",
      "id": "led17",
      "top": -130.27,
      "left": 10,
      "attrs": { "color": "white", "lightColor": "red" }
    },
    {
      "type": "wokwi-led",
      "id": "led18",
      "top": -130.27,
      "left": 40,
      "attrs": { "color": "white", "lightColor": "red" }
    },
    {
      "type": "wokwi-led",
      "id": "led19",
      "top": -130.27,
      "left": 70,
      "attrs": { "color": "white", "lightColor": "red" }
    },
    {
      "type": "wokwi-led",
      "id": "led20",
      "top": -130.27,
      "left": 100,
      "attrs": { "color": "white", "lightColor": "red" }
    },
    {
      "type": "wokwi-led",
      "id": "led21",
      "top": -130.27,
      "left": 130,
      "attrs": { "color": "white", "lightColor": "red" }
    },
    {
      "type": "wokwi-led",
      "id": "led22",
      "top": -130.27,
      "left": 160,
      "attrs": { "color": "white", "lightColor": "red" }
    },
    {
      "type": "wokwi-led",
      "id": "led23",
      "top": -130.27,
      "left": 190,
      "attrs": { "color": "white", "lightColor": "red" }
    },
    {
      "type": "wokwi-led",
      "id": "led24",
      "top": -130.27,
      "left": 220,
      "attrs": { "color": "white", "lightColor": "red" }
    },
    {
      "type": "wokwi-led",
      "id": "led25",
      "top": -90.27,
      "left": 10,
      "attrs": { "color": "white", "lightColor": "red" }
    },
    {
      "type": "wokwi-led",
      "id": "led26",
      "top": -90.27,
      "left": 40,
      "attrs": { "color": "white", "lightColor": "red" }
    },
    {
      "type": "wokwi-led",
      "id": "led27",
      "top": -90.27,
      "left": 70,
      "attrs": { "color": "white", "lightColor": "red" }
    },
    {
      "type": "wokwi-led",
      "id": "led28",
      "top": -90.27,
      "left": 100,
      "attrs": { "color": "white", "lightColor": "red" }
    },
    {
      "type": "wokwi-led",
      "id": "led29",
      "top": -90.27,
      "left": 130,
      "attrs": { "color": "white", "lightColor": "red" }
    },
    {
      "type": "wokwi-led",
      "id": "led30",
      "top": -90.27,
      "left": 160,
      "attrs": { "color": "white", "lightColor": "red" }
    },
    {
      "type": "wokwi-led",
      "id": "led31",
      "top": -90.27,
      "left": 190,
      "attrs": { "color": "white", "lightColor": "red" }
    },
    {
      "type": "wokwi-led",
      "id": "led32",
      "top": -90.27,
      "left": 220,
      "attrs": { "color": "white", "lightColor": "red" }
    },
    {
      "type": "wokwi-led",
      "id": "led33",
      "top": -50.27,
      "left": 10,
      "attrs": { "color": "white", "lightColor": "red" }
    },
    {
      "type": "wokwi-led",
      "id": "led34",
      "top": -50.27,
      "left": 40,
      "attrs": { "color": "white", "lightColor": "red" }
    },
    {
      "type": "wokwi-led",
      "id": "led35",
      "top": -50.27,
      "left": 70,
      "attrs": { "color": "white", "lightColor": "red" }
    },
    {
      "type": "wokwi-led",
      "id": "led36",
      "top": -50.27,
      "left": 100,
      "attrs": { "color": "white", "lightColor": "red" }
    },
    {
      "type": "wokwi-led",
      "id": "led37",
      "top": -50.27,
      "left": 130,
      "attrs": { "color": "white", "lightColor": "red" }
    },
    {
      "type": "wokwi-led",
      "id": "led38",
      "top": -50.27,
      "left": 160,
      "attrs": { "color": "white", "lightColor": "red" }
    },
    {
      "type": "wokwi-led",
      "id": "led39",
      "top": -50.27,
      "left": 190,
      "attrs": { "color": "white", "lightColor": "red" }
    },
    {
      "type": "wokwi-led",
      "id": "led40",
      "top": -50.27,
      "left": 220,
      "attrs": { "color": "white", "lightColor": "red" }
    },
    {
      "type": "wokwi-led",
      "id": "led41",
      "top": -10.27,
      "left": 10,
      "attrs": { "color": "white", "lightColor": "red" }
    },
    {
      "type": "wokwi-led",
      "id": "led42",
      "top": -10.27,
      "left": 40,
      "attrs": { "color": "white", "lightColor": "red" }
    },
    {
      "type": "wokwi-led",
      "id": "led43",
      "top": -10.27,
      "left": 70,
      "attrs": { "color": "white", "lightColor": "red" }
    },
    {
      "type": "wokwi-led",
      "id": "led44",
      "top": -10.27,
      "left": 100,
      "attrs": { "color": "white", "lightColor": "red" }
    },
    {
      "type": "wokwi-led",
      "id": "led45",
      "top": -10.27,
      "left": 130,
      "attrs": { "color": "white", "lightColor": "red" }
    },
    {
      "type": "wokwi-led",
      "id": "led46",
      "top": -10.27,
      "left": 160,
      "attrs": { "color": "white", "lightColor": "red" }
    },
    {
      "type": "wokwi-led",
      "id": "led47",
      "top": -10.27,
      "left": 190,
      "attrs": { "color": "white", "lightColor": "red" }
    },
    {
      "type": "wokwi-led",
      "id": "led48",
      "top": -10.27,
      "left": 220,
      "attrs": { "color": "white", "lightColor": "red" }
    },
    {
      "type": "wokwi-led",
      "id": "led49",
      "top": 30.27,
      "left": 10,
      "attrs": { "color": "white", "lightColor": "red" }
    },
    {
      "type": "wokwi-led",
      "id": "led50",
      "top": 30.27,
      "left": 40,
      "attrs": { "color": "white", "lightColor": "red" }
    },
    {
      "type": "wokwi-led",
      "id": "led51",
      "top": 30.27,
      "left": 70,
      "attrs": { "color": "white", "lightColor": "red" }
    },
    {
      "type": "wokwi-led",
      "id": "led52",
      "top": 30.27,
      "left": 100,
      "attrs": { "color": "white", "lightColor": "red" }
    },
    {
      "type": "wokwi-led",
      "id": "led53",
      "top": 30.27,
      "left": 130,
      "attrs": { "color": "white", "lightColor": "red" }
    },
    {
      "type": "wokwi-led",
      "id": "led54",
      "top": 30.27,
      "left": 160,
      "attrs": { "color": "white", "lightColor": "red" }
    },
    {
      "type": "wokwi-led",
      "id": "led55",
      "top": 30.27,
      "left": 190,
      "attrs": { "color": "white", "lightColor": "red" }
    },
    {
      "type": "wokwi-led",
      "id": "led56",
      "top": 30.27,
      "left": 220,
      "attrs": { "color": "white", "lightColor": "red" }
    },
    {
      "type": "wokwi-led",
      "id": "led57",
      "top": 70.27,
      "left": 10,
      "attrs": { "color": "white", "lightColor": "red" }
    },
    {
      "type": "wokwi-led",
      "id": "led58",
      "top": 70.27,
      "left": 40,
      "attrs": { "color": "white", "lightColor": "red" }
    },
    {
      "type": "wokwi-led",
      "id": "led59",
      "top": 70.27,
      "left": 70,
      "attrs": { "color": "white", "lightColor": "red" }
    },
    {
      "type": "wokwi-led",
      "id": "led60",
      "top": 70.27,
      "left": 100,
      "attrs": { "color": "white", "lightColor": "red" }
    },
    {
      "type": "wokwi-led",
      "id": "led61",
      "top": 70.27,
      "left": 130,
      "attrs": { "color": "white", "lightColor": "red" }
    },
    {
      "type": "wokwi-led",
      "id": "led62",
      "top": 70.27,
      "left": 160,
      "attrs": { "color": "white", "lightColor": "red" }
    },
    {
      "type": "wokwi-led",
      "id": "led63",
      "top": 70.27,
      "left": 190,
      "attrs": { "color": "white", "lightColor": "red" }
    },
    {
      "type": "wokwi-led",
      "id": "led64",
      "top": 70.27,
      "left": 220,
      "attrs": { "color": "white", "lightColor": "red" }
    },
    {
      "type": "wokwi-resistor",
      "id": "r1",
      "top": -173.52,
      "left": 271.7,
      "attrs": { "value": "1000" }
    },
    {
      "type": "wokwi-resistor",
      "id": "r2",
      "top": -133.7,
      "left": 272.42,
      "attrs": { "value": "1000" }
    },
    {
      "type": "wokwi-resistor",
      "id": "r3",
      "top": -94.17,
      "left": 271.37,
      "attrs": { "value": "1000" }
    },
    {
      "type": "wokwi-resistor",
      "id": "r4",
      "top": -53.56,
      "left": 270.91,
      "attrs": { "value": "1000" }
    },
    {
      "type": "wokwi-resistor",
      "id": "r5",
      "top": -14.19,
      "left": 270.8,
      "attrs": { "value": "1000" }
    },
    {
      "type": "wokwi-resistor",
      "id": "r6",
      "top": 26.18,
      "left": 270.89,
      "attrs": { "value": "1000" }
    },
    { "type": "wokwi-dip-switch-8", "id": "sw1", "top": 292.2, "left": 289.47, "attrs": {} },
    {
      "type": "wokwi-pushbutton",
      "id": "btn1",
      "top": 350.62,
      "left": 328.53,
      "attrs": { "color": "red" }
    },
    {
      "type": "wokwi-pushbutton",
      "id": "btn2",
      "top": 398.69,
      "left": 328.74,
      "attrs": { "color": "yellow" }
    },
    {
      "type": "wokwi-pushbutton",
      "id": "btn4",
      "top": 449.32,
      "left": 328.83,
      "attrs": { "color": "green" }
    }
  ],
  "connections": [
    [ "led1:A", "led2:A", "black", [ "v0" ] ],
    [ "led2:A", "led3:A", "black", [ "v0" ] ],
    [ "led3:A", "led4:A", "black", [ "v0" ] ],
    [ "led4:A", "led5:A", "black", [ "v0" ] ],
    [ "led5:A", "led6:A", "black", [ "v0" ] ],
    [ "led6:A", "led7:A", "black", [ "v0" ] ],
    [ "led7:A", "led8:A", "black", [ "v0" ] ],
    [ "led8:A", "r1:1", "black", [ "v0" ] ],
    [ "led9:A", "led10:A", "blue", [ "v0" ] ],
    [ "led10:A", "led11:A", "blue", [ "v0" ] ],
    [ "led11:A", "led12:A", "blue", [ "v0" ] ],
    [ "led12:A", "led13:A", "blue", [ "v0" ] ],
    [ "led13:A", "led14:A", "blue", [ "v0" ] ],
    [ "led14:A", "led15:A", "blue", [ "v0" ] ],
    [ "led15:A", "led16:A", "blue", [ "v0" ] ],
    [ "led16:A", "r2:1", "blue", [ "v0" ] ],
    [ "led17:A", "led18:A", "violet", [ "v0" ] ],
    [ "led18:A", "led19:A", "violet", [ "v0" ] ],
    [ "led19:A", "led20:A", "violet", [ "v0" ] ],
    [ "led20:A", "led21:A", "violet", [ "v0" ] ],
    [ "led21:A", "led22:A", "violet", [ "v0" ] ],
    [ "led23:A", "led24:A", "violet", [ "v0" ] ],
    [ "led24:A", "r3:1", "violet", [ "v0" ] ],
    [ "led25:A", "led26:A", "purple", [ "v0" ] ],
    [ "led27:A", "led28:A", "purple", [ "v0" ] ],
    [ "led28:A", "led29:A", "purple", [ "v0" ] ],
    [ "led29:A", "led30:A", "purple", [ "v0" ] ],
    [ "led30:A", "led31:A", "purple", [ "v0" ] ],
    [ "led31:A", "led32:A", "purple", [ "v0" ] ],
    [ "led32:A", "r4:1", "purple", [ "v0" ] ],
    [ "led34:A", "led35:A", "orange", [ "v0" ] ],
    [ "led35:A", "led36:A", "orange", [ "v0" ] ],
    [ "led36:A", "led37:A", "orange", [ "v0" ] ],
    [ "led37:A", "led38:A", "orange", [ "v0" ] ],
    [ "led38:A", "led39:A", "orange", [ "v0" ] ],
    [ "led39:A", "led40:A", "orange", [ "v0" ] ],
    [ "led40:A", "r5:1", "orange", [ "v0" ] ],
    [ "led41:A", "led42:A", "yellow", [ "v0" ] ],
    [ "led42:A", "led43:A", "yellow", [ "v0" ] ],
    [ "led43:A", "led44:A", "yellow", [ "v0" ] ],
    [ "led44:A", "led45:A", "yellow", [ "v0" ] ],
    [ "led45:A", "led46:A", "yellow", [ "v0" ] ],
    [ "led46:A", "led47:A", "yellow", [ "v0" ] ],
    [ "led47:A", "led48:A", "yellow", [ "v0" ] ],
    [ "led48:A", "r6:1", "yellow", [ "v0" ] ],
    [ "r1:2", "mega:21", "#8f4814", [ "h3.79", "v292.72", "h-103.21" ] ],
    [ "r2:2", "mega:20", "#8f4814", [ "h13.59", "v263.12", "h-123.23" ] ],
    [ "r3:2", "mega:19", "#8f4814", [ "v0.17", "h25.22", "v236.32", "h-137.34" ] ],
    [ "r4:2", "mega:18", "#8f4814", [ "h37.73", "v208.6", "h-165.36" ] ],
    [ "r5:2", "mega:17", "#8f4814", [ "v0.31", "h50.37", "v181.31", "h-191.34" ] ],
    [ "r6:2", "mega:16", "#8f4814", [ "v-0.53", "h62.05", "v154.14", "h-208.66" ] ],
    [ "led49:A", "led50:A", "lime", [ "v0" ] ],
    [ "led50:A", "led51:A", "lime", [ "v0" ] ],
    [ "led51:A", "led52:A", "lime", [ "v0" ] ],
    [ "led52:A", "led53:A", "lime", [ "v0" ] ],
    [ "led53:A", "led54:A", "lime", [ "v0" ] ],
    [ "led54:A", "led55:A", "lime", [ "v0" ] ],
    [ "led55:A", "led56:A", "lime", [ "v0" ] ],
    [ "led56:A", "mega:15", "#8f4814", [ "v0.07", "h77.45", "v125.7", "h-145.73" ] ],
    [ "led57:A", "led58:A", "cyan", [ "v0" ] ],
    [ "led58:A", "led59:A", "cyan", [ "v0" ] ],
    [ "led59:A", "led60:A", "cyan", [ "v0" ] ],
    [ "led60:A", "led61:A", "cyan", [ "v0" ] ],
    [ "led61:A", "led62:A", "cyan", [ "v0" ] ],
    [ "led62:A", "led63:A", "cyan", [ "v0" ] ],
    [ "led63:A", "led64:A", "cyan", [ "v0" ] ],
    [ "led64:A", "mega:14", "#8f4814", [ "v-0.76", "h64.7", "v99.28", "h-138.45" ] ],
    [ "led26:A", "led27:A", "purple", [ "v0" ] ],
    [ "led1:C", "led9:C", "green", [ "v0" ] ],
    [ "led9:C", "led17:C", "green", [ "v0" ] ],
    [ "led17:C", "led25:C", "green", [ "v0" ] ],
    [ "led25:C", "led33:C", "green", [ "v0" ] ],
    [ "led33:C", "led41:C", "green", [ "v0" ] ],
    [ "led41:C", "led49:C", "green", [ "v0" ] ],
    [ "led49:C", "led57:C", "green", [ "v0" ] ],
    [ "led57:C", "mega:13", "green", [ "v0" ] ],
    [ "led2:C", "led10:C", "green", [ "v0" ] ],
    [ "led10:C", "led18:C", "green", [ "v0" ] ],
    [ "led18:C", "led26:C", "green", [ "v0" ] ],
    [ "led26:C", "led34:C", "green", [ "v0" ] ],
    [ "led34:C", "led42:C", "green", [ "v0" ] ],
    [ "led42:C", "led50:C", "green", [ "v0" ] ],
    [ "led50:C", "led58:C", "green", [ "v0" ] ],
    [ "led3:C", "led11:C", "green", [ "v0" ] ],
    [ "led11:C", "led19:C", "green", [ "v0" ] ],
    [ "led19:C", "led27:C", "green", [ "v0" ] ],
    [ "led27:C", "led35:C", "green", [ "v0" ] ],
    [ "led35:C", "led43:C", "green", [ "v0" ] ],
    [ "led43:C", "led51:C", "green", [ "v0" ] ],
    [ "led51:C", "led59:C", "green", [ "v0" ] ],
    [ "led58:C", "mega:12", "green", [ "v72.47", "h-18.96" ] ],
    [ "led59:C", "mega:11", "green", [ "v72.47", "h-43.42" ] ],
    [ "led60:C", "mega:10", "green", [ "v72.47", "h-52.94" ] ],
    [ "led4:C", "led12:C", "green", [ "v0" ] ],
    [ "led12:C", "led20:C", "green", [ "v0" ] ],
    [ "led20:C", "led28:C", "green", [ "v0" ] ],
    [ "led28:C", "led36:C", "green", [ "v0" ] ],
    [ "led36:C", "led44:C", "green", [ "v0" ] ],
    [ "led44:C", "led52:C", "green", [ "v0" ] ],
    [ "led52:C", "led60:C", "green", [ "v0" ] ],
    [ "led5:C", "led13:C", "green", [ "v0" ] ],
    [ "led13:C", "led21:C", "green", [ "v0" ] ],
    [ "led21:C", "led29:C", "green", [ "v0" ] ],
    [ "led29:C", "led37:C", "green", [ "v0" ] ],
    [ "led37:C", "led45:C", "green", [ "v0" ] ],
    [ "led45:C", "led53:C", "green", [ "v0" ] ],
    [ "led53:C", "led61:C", "green", [ "v0" ] ],
    [ "led61:C", "mega:9", "green", [ "v72.78", "h-49.83" ] ],
    [ "led6:C", "led14:C", "green", [ "v0" ] ],
    [ "led14:C", "led22:C", "green", [ "v0" ] ],
    [ "led22:C", "led30:C", "green", [ "v0" ] ],
    [ "led30:C", "led38:C", "green", [ "v0" ] ],
    [ "led38:C", "led46:C", "green", [ "v0" ] ],
    [ "led46:C", "led54:C", "green", [ "v0" ] ],
    [ "led54:C", "led62:C", "green", [ "v0" ] ],
    [ "led62:C", "mega:8", "green", [ "v73.44", "h-57.67" ] ],
    [ "led7:C", "led15:C", "green", [ "v0" ] ],
    [ "led15:C", "led23:C", "green", [ "v0" ] ],
    [ "led22:A", "led23:A", "violet", [ "v0" ] ],
    [ "led23:C", "led31:C", "green", [ "v0" ] ],
    [ "led31:C", "led39:C", "green", [ "v0" ] ],
    [ "led39:C", "led47:C", "green", [ "v0" ] ],
    [ "led47:C", "led55:C", "green", [ "v0" ] ],
    [ "led55:C", "led63:C", "green", [ "v0" ] ],
    [ "led63:C", "mega:7", "green", [ "v72.87", "h-86.59" ] ],
    [ "led8:C", "led16:C", "green", [ "v0" ] ],
    [ "led16:C", "led24:C", "green", [ "v0" ] ],
    [ "led24:C", "led32:C", "green", [ "v0" ] ],
    [ "led32:C", "led40:C", "green", [ "v0" ] ],
    [ "led40:C", "led48:C", "green", [ "v0" ] ],
    [ "led48:C", "led56:C", "green", [ "v0" ] ],
    [ "led56:C", "led64:C", "green", [ "v0" ] ],
    [ "led64:C", "mega:6", "green", [ "v72.87", "h-141.42" ] ],
    [ "led33:A", "led34:A", "orange", [ "v0" ] ],
    [ "mega:GND.5", "sw1:4a", "black", [ "v-0.09", "h62.41" ] ],
    [ "mega:GND.5", "sw1:3a", "black", [ "v-0.09", "h50.78" ] ],
    [ "mega:GND.5", "sw1:2a", "black", [ "v-0.09", "h38.37" ] ],
    [ "mega:GND.5", "sw1:1a", "black", [ "v-0.09", "h25.96" ] ],
    [ "mega:22", "sw1:1b", "limegreen", [ "v0.86", "h52.25" ] ],
    [ "mega:23", "sw1:2b", "gold", [ "v0.86", "h47.68" ] ],
    [ "mega:24", "sw1:3b", "orange", [ "v-0.35", "h74.74" ] ],
    [ "mega:25", "sw1:4b", "#8f4814", [ "v0.42", "h64.74" ] ],
    [ "btn1:1.l", "mega:42", "purple", [ "h0" ] ],
    [ "btn2:1.l", "mega:43", "magenta", [ "v-41", "h-64.16" ] ],
    [ "btn4:1.l", "mega:44", "violet", [ "v-80.84", "h-74.25" ] ],
    [ "mega:GND.5", "btn2:2.r", "black", [ "v-0.34", "h131.11" ] ],
    [ "mega:GND.5", "btn1:2.r", "black", [ "v0.12", "h136.6" ] ],
    [ "mega:GND.5", "btn4:2.r", "black", [ "v-0.34", "h135.23" ] ],
    [ "sw1:5b", "mega:26", "gray", [ "v0" ] ],
    [ "mega:GND.5", "sw1:5a", "black", [ "v0.08", "h72.58" ] ]
  ],
  "dependencies": {}
}