{
  "version": 1,
  "author": "Khoa Le",
  "editor": "wokwi",
  "parts": [
    { "type": "wokwi-arduino-mega", "id": "mega", "top": -45.12, "left": -70.9, "attrs": {} },
    { "type": "board-ssd1306", "id": "oled1", "top": 221.03, "left": 59.34, "attrs": {} }
  ],
  "connections": [
    [ "oled1:GND", "mega:GND.3", "black", [ "v0" ] ],
    [ "oled1:VCC", "mega:5V", "red", [ "v0" ] ],
    [ "mega:SCL", "oled1:SCL", "purple", [ "v0" ] ],
    [ "mega:SDA", "oled1:SDA", "violet", [ "v0" ] ]
  ],
  "dependencies": {}
}